"word","frequency"
"can",70
"technology",69
"freight",66
"will",58
"carriers",57
"says",53
"orders",43
"logistics",41
"market",41
"shippers",41
"business",37
"trucking",37
"new",34
"truck",33
"said",32
"transportation",32
"’re",32
"customers",31
"one",31
"year",31
"companies",30
"trucks",30
"brokers",29
"also",28
"now",28
"may",27
"solutions",27
"supply",27
"–",27
"june",26
"rates",26
"system",26
"many",25
"still",24
"digital",23
"industry",22
"sales",22
"spot",22
"time",22
"var",21
"loads",20
"think",20
"—",20
"capacity",19
"chain",19
"contract",19
"visibility",19
"amazon",18
"company",18
"going",18
"able",17
"ecommerce",17
"order",17
"price",17
"pricing",17
"products",17
"shipper",17
"want",17
"customer",16
"drivers",16
"free",16
"items",16
"like",16
"people",16
"president",16
"see",16
"way",16
"first",15
"get",15
"handling",15
"management",15
"month",15
"need",15
"process",15
"shipping",15
"systems",15
"addthisconfig",14
"carrier",14
"datatrackclickbacktruernrn",14
"even",14
"fleets",14
"good",14
"key",14
"last",14
"load",14
"materials",14
"much",14
"provider",14
"sas",14
"sascmd",14
"since",14
"things",14
"work",14
"years",14
"delivery",13
"demand",13
"instance",13
"make",13
"move",13
"news",13
"potential",13
"recent",13
"shipments",13
"value",13
"automated",12
"automation",12
"available",12
"cost",12
"driver",12
"example",12
"find",12
"ftr",12
"fulfillment",12
"index",12
"online",12
"per",12
"recession",12
"small",12
"vice",12
"warehouse",12
"according",11
"added",11
"change",11
"consumers",11
"data",11
"don’t",11
"equipment",11
"following",11
"forwarding",11
"help",11
"jobs",11
"just",11
"part",11
"point",11
"report",11
"seen",11
"store",11
"use",11
"ability",10
"best",10
"ceo",10
"consumer",10
"control",10
"costs",10
"drive",10
"goods",10
"level",10
"looking",10
"manufacturers",10
"months",10
"product",10
"robots",10
"used",10
"well",10
"world",10
"across",9
"broker",9
"cass",9
"changes",9
"conditions",9
"contracts",9
"create",9
"decline",9
"deliver",9
"director",9
"eka",9
"intelligence",9
"irl",9
"july",9
"lead",9
"lot",9
"manufacturing",9
"number",9
"overall",9
"platform",9
"pls",9
"rate",9
"say",9
"software",9
"strong",9
"success",9
"times",9
"trailer",9
"trust",9
"two",9
"uber",9
"’ve",9
"allows",8
"artificial",8
"big",8
"brokerage",8
"changing",8
"driving",8
"economic",8
"every",8
"freightmatching",8
"important",8
"inventory",8
"kind",8
"know",8
"lenders",8
"lift",8
"long",8
"next",8
"planning",8
"platooning",8
"prime",8
"provide",8
"put",8
"started",8
"take",8
"technologies",8
"traditional",8
"using",8
"vehicles",8
"volumes",8
"within",8
"additional",7
"associates",7
"better",7
"class",7
"development",7
"distribution",7
"economy",7
"empty",7
"expect",7
"experience",7
"forwarders",7
"fuel",7
"getting",7
"heavy",7
"increase",7
"large",7
"lower",7
"miles",7
"needs",7
"pay",7
"peloton",7
"picking",7
"quarter",7
"research",7
"retailers",7
"rnrn",7
"sascmdpushfunction",7
"sasrenderrn",7
"start",7
"switkes",7
"trends",7
"volume",7
"ago",6
"allow",6
"announced",6
"app",6
"autonomous",6
"believe",6
"board",6
"bring",6
"chief",6
"compared",6
"convoy",6
"day",6
"done",6
"dynamic",6
"electronic",6
"environment",6
"especially",6
"explains",6
"faster",6
"firm",6
"global",6
"growing",6
"helping",6
"however",6
"including",6
"information",6
"labor",6
"less",6
"line",6
"low",6
"made",6
"mobile",6
"moves",6
"network",6
"omnichannel",6
"operations",6
"past",6
"platforms",6
"possible",6
"production",6
"productivity",6
"rail",6
"relationships",6
"remain",6
"reported",6
"route",6
"savings",6
"seeing",6
"senior",6
"service",6
"services",6
"shipment",6
"support",6
"trying",6
"vise",6
"whether",6
"access",5
"activity",5
"advaggmodcount",5
"among",5
"analysts",5
"around",5
"backlog",5
"backlogs",5
"based",5
"california",5
"called",5
"capabilities",5
"cases",5
"center",5
"challenging",5
"come",5
"commercial",5
"cyclical",5
"dat",5
"declines",5
"delivered",5
"deliveries",5
"different",5
"doesn’t",5
"don",5
"due",5
"effective",5
"efficiency",5
"efficient",5
"enable",5
"focus",5
"given",5
"highest",5
"hit",5
"immediate",5
"increased",5
"issue",5
"jeff",5
"learn",5
"least",5
"likely",5
"manage",5
"manager",5
"mean",5
"means",5
"model",5
"multishuttle",5
"must",5
"national",5
"negative",5
"nnnnn",5
"notes",5
"often",5
"options",5
"owneroperators",5
"percent",5
"place",5
"power",5
"processes",5
"purchase",5
"purchases",5
"rapidly",5
"reports",5
"retail",5
"right",5
"rnrnrnrelated",5
"ruehrdanz",5
"safety",5
"set",5
"shopping",5
"show",5
"smart",5
"survey",5
"terms",5
"though",5
"three",5
"tms",5
"transport",5
"turned",5
"type",5
"types",5
"wolf",5
"working",5
"act",4
"adding",4
"air",4
"algorithms",4
"analysis",4
"application",4
"approach",4
"areas",4
"automate",4
"automatically",4
"bad",4
"basis",4
"batteries",4
"beginning",4
"believes",4
"bid",4
"booking",4
"boom",4
"brian",4
"brothers",4
"businesses",4
"came",4
"cancellations",4
"certain",4
"chains",4
"channel",4
"close",4
"collaboration",4
"coming",4
"connect",4
"connected",4
"continues",4
"cycle",4
"daimler",4
"days",4
"delays",4
"demands",4
"difficult",4
"dropped",4
"earlier",4
"easier",4
"edwards",4
"employees",4
"essentially",4
"ever",4
"executive",4
"expand",4
"fell",4
"fewer",4
"fill",4
"five",4
"fleet",4
"focused",4
"forberg",4
"full",4
"function",4
"greater",4
"group",4
"growth",4
"hard",4
"helps",4
"human",4
"humans",4
"identify",4
"immersive",4
"improve",4
"industrial",4
"intelligent",4
"invest",4
"job",4
"keep",4
"landscape",4
"lanes",4
"levels",4
"live",4
"loadmatching",4
"longterm",4
"look",4
"lowest",4
"making",4
"matching",4
"mix",4
"modes",4
"moved",4
"nearly",4
"net",4
"numbers",4
"offered",4
"omnitms",4
"opportunities",4
"outlook",4
"outside",4
"pace",4
"picked",4
"plan",4
"plus",4
"positive",4
"providers",4
"quickly",4
"range",4
"rapid",4
"rather",4
"reading",4
"real",4
"reality",4
"really",4
"realtime",4
"recently",4
"recognize",4
"record",4
"reduce",4
"require",4
"required",4
"requirements",4
"respond",4
"rest",4
"row",4
"run",4
"sector",4
"shift",4
"shop",4
"significant",4
"six",4
"slowdown",4
"smaller",4
"solution",4
"something",4
"starting",4
"stock",4
"strategies",4
"sure",4
"table",4
"taking",4
"talk",4
"tasks",4
"team",4
"thousands",4
"tools",4
"top",4
"tracks",4
"trade",4
"transparency",4
"true",4
"understand",4
"vehicle",4
"via",4
"virtual",4
"warehouses",4
"weak",4
"weakness",4
"without",4
"workers",4
"works",4
"yearyear",4
"’ll",4
"accommodate",3
"account",3
"advanced",3
"advantage",3
"along",3
"already",3
"although",3
"always",3
"amount",3
"analyst",3
"another",3
"area",3
"augment",3
"automating",3
"avery",3
"back",3
"behavior",3
"benefits",3
"bennett",3
"billing",3
"boards",3
"boosting",3
"bringing",3
"build",3
"buy",3
"buyers",3
"cameras",3
"care",3
"case",3
"cautious",3
"challenges",3
"chart",3
"china",3
"choice",3
"choose",3
"clear",3
"cloudbased",3
"collapsed",3
"combined",3
"comes",3
"companys",3
"compete",3
"competitive",3
"completely",3
"computing",3
"consider",3
"construction",3
"containers",3
"continually",3
"continue",3
"continued",3
"created",3
"critical",3
"crunch",3
"current",3
"currently",3
"cut",3
"cycles",3
"deal",3
"dedicated",3
"dematic",3
"displays",3
"disruption",3
"efficiencies",3
"efforts",3
"else",3
"enough",3
"enterprise",3
"entrants",3
"everyone",3
"everything",3
"existing",3
"expected",3
"experiences",3
"facility",3
"factors",3
"fair",3
"fallen",3
"fast",3
"features",3
"february",3
"federal",3
"feedvisor",3
"financing",3
"finding",3
"finds",3
"flatbed",3
"founder",3
"fully",3
"gain",3
"gaining",3
"gaskell",3
"general",3
"gets",3
"goodsperson",3
"googletagcmdpushfunction",3
"googletagdisplaydivgptadincontent",3
"got",3
"great",3
"ground",3
"grow",3
"half",3
"handle",3
"happen",3
"happening",3
"hdt",3
"health",3
"height",3
"high",3
"hiring",3
"impact",3
"improvements",3
"included",3
"incorporates",3
"increasingly",3
"indeed",3
"inefficiencies",3
"innovation",3
"instead",3
"integrated",3
"interact",3
"interest",3
"intermodal",3
"internet",3
"ion",3
"jaipuria",3
"lag",3
"largely",3
"late",3
"leaders",3
"lets",3
"lionel",3
"lithium",3
"loadsmart",3
"longer",3
"longerterm",3
"major",3
"makes",3
"managing",3
"marketing",3
"marketplace",3
"markets",3
"match",3
"matched",3
"mayfield",3
"mcleod",3
"members",3
"monitor",3
"monthly",3
"multiple",3
"needed",3
"newer",3
"note",3
"offer",3
"offering",3
"offers",3
"officer",3
"oneday",3
"operation",3
"operators",3
"optimize",3
"ordering",3
"organizations",3
"others",3
"peak",3
"phone",3
"plunged",3
"pressure",3
"prices",3
"private",3
"probably",3
"produce",3
"projects",3
"proven",3
"quality",3
"quotation",3
"reach",3
"red",3
"relationship",3
"relatively",3
"replace",3
"requiring",3
"result",3
"rnrnthe",3
"role",3
"room",3
"routes",3
"routing",3
"rule",3
"schedules",3
"second",3
"seems",3
"sellers",3
"sense",3
"sensors",3
"serve",3
"shelves",3
"short",3
"showing",3
"shows",3
"sign",3
"signals",3
"singh",3
"single",3
"site",3
"skus",3
"slowing",3
"softening",3
"space",3
"specific",3
"speed",3
"stability",3
"status",3
"storage",3
"strategy",3
"study",3
"supports",3
"tags",3
"takeaways",3
"testing",3
"thirdparty",3
"thomas",3
"tight",3
"today",3
"together",3
"told",3
"took",3
"tote",3
"trailers",3
"trimble",3
"truckload",3
"tucker",3
"twins",3
"unique",3
"uses",3
"versus",3
"view",3
"virtually",3
"walker",3
"ways",3
"williams",3
"windowadsbygoogle",3
"wms",3
"workstations",3
"worth",3
"acceleration",2
"accuracy",2
"accurately",2
"adapt",2
"adoption",2
"adsbygoogle",2
"advances",2
"affect",2
"aim",2
"ake",2
"alerts",2
"allowing",2
"alongside",2
"analytics",2
"announcing",2
"annual",2
"anymore",2
"appears",2
"apply",2
"appointments",2
"architecture",2
"arrive",2
"aspects",2
"association",2
"augmented",2
"average",2
"backend",2
"balanced",2
"banner",2
"barge",2
"battery",2
"beauty",2
"became",2
"become",2
"becoming",2
"beef",2
"begun",2
"behind",2
"bidding",2
"biggest",2
"blockchain",2
"bonuses",2
"bookable",2
"booked",2
"bookedshipped",2
"boost",2
"box",2
"braking",2
"brokersrnrn",2
"budget",2
"bulk",2
"burkett",2
"calls",2
"can’t",2
"capital",2
"capture",2
"cars",2
"carts",2
"catalyst",2
"causing",2
"centers",2
"chairman",2
"changed",2
"charge",2
"check",2
"chemical",2
"chen",2
"choices",2
"clearly",2
"clothing",2
"cobots",2
"cofounder",2
"cole",2
"compare",2
"comparisons",2
"compelling",2
"compensation",2
"complement",2
"complex",2
"component",2
"concept",2
"concern",2
"conclusion",2
"confirm",2
"consideration",2
"consistent",2
"consolidated",2
"consultant",2
"contracted",2
"contraction",2
"controls",2
"convenience",2
"conversational",2
"conveyor",2
"coyne",2
"creating",2
"creative",2
"dave",2
"dealers",2
"decide",2
"decisions",2
"declining",2
"deeper",2
"delivers",2
"depth",2
"descartes",2
"detrimental",2
"developed",2
"device",2
"devices",2
"dicecco",2
"digitization",2
"direct",2
"directconsumer",2
"directly",2
"display",2
"disrupt",2
"doubledigit",2
"downward",2
"drag",2
"drop",2
"early",2
"easy",2
"educational",2
"effect",2
"effectively",2
"effectiveness",2
"efficiently",2
"electronically",2
"eliminate",2
"eliminated",2
"elsewhere",2
"email",2
"employers",2
"enabling",2
"end",2
"energy",2
"entirely",2
"equally",2
"established",2
"evaluating",2
"evolving",2
"expansion",2
"expectation",2
"expensive",2
"extra",2
"face",2
"facilitate",2
"facilities",2
"fact",2
"feature",2
"feel",2
"feet",2
"final",2
"finance",2
"financial",2
"fine",2
"fits",2
"flexibility",2
"flexible",2
"follow",2
"food",2
"foods",2
"forecast",2
"forecasting",2
"forecasts",2
"forget",2
"fortune",2
"forward",2
"founded",2
"fourthquarter",2
"functions",2
"fundamentally",2
"gains",2
"gartner",2
"giesen",2
"give",2
"gives",2
"giving",2
"goodsrobots",2
"government",2
"greenhouse",2
"grew",2
"grouptags",2
"guide",2
"hand",2
"hauled",2
"headed",2
"heard",2
"higher",2
"highquality",2
"historic",2
"hold",2
"home",2
"hope",2
"hopper",2
"hot",2
"hour",2
"huge",2
"hyundai",2
"idlddgetelementbyidvar",2
"ignore",2
"implementing",2
"improved",2
"improvement",2
"improving",2
"inbound",2
"inc",2
"inches",2
"includes",2
"income",2
"incorporate",2
"independent",2
"indicate",2
"indicators",2
"infrastructure",2
"innovations",2
"insights",2
"institute",2
"interactions",2
"interview",2
"introducing",2
"invested",2
"investment",2
"iot",2
"isn’t",2
"kaufman",2
"kenco",2
"lack",2
"lane",2
"lanehub",2
"larger",2
"largest",2
"lazboy",2
"leading",2
"learning",2
"leased",2
"leg",2
"legs",2
"life",2
"lifting",2
"link",2
"loans",2
"looks",2
"looming",2
"loose",2
"lose",2
"magid",2
"maintenance",2
"majority",2
"makani",2
"manually",2
"manufacturer",2
"march",2
"margin",2
"marketwide",2
"mastering",2
"mcelroy",2
"meantime",2
"measures",2
"meet",2
"metrics",2
"mileage",2
"minimizing",2
"minimum",2
"minute",2
"mischeloff",2
"missing",2
"mixed",2
"modern",2
"monitors",2
"moot",2
"movement",2
"movements",2
"moving",2
"mplace",2
"mutually",2
"mystery",2
"navigate",2
"near",2
"nearterm",2
"neutral",2
"nnn",2
"nnthe",2
"october",2
"old",2
"older",2
"oms",2
"onefifth",2
"ones",2
"open",2
"opening",2
"operating",2
"operator",2
"opportunity",2
"ops",2
"ordered",2
"organizational",2
"orlando",2
"outbound",2
"overcapacity",2
"packaged",2
"packaging",2
"paid",2
"pair",2
"paper",2
"paradigm",2
"parcel",2
"particular",2
"partner",2
"partners",2
"partnership",2
"parts",2
"paying",2
"payment",2
"payrolls",2
"pessimistic",2
"petroleum",2
"physical",2
"pick",2
"piece",2
"pieces",2
"placed",2
"plans",2
"platooned",2
"plenty",2
"plunge",2
"poincy",2
"possibility",2
"powerful",2
"precisely",2
"preferences",2
"premium",2
"privacy",2
"problems",2
"processing",2
"productive",2
"professional",2
"profits",2
"projected",2
"prove",2
"provides",2
"quantum",2
"questions",2
"quick",2
"racking",2
"ratings",2
"reached",2
"readings",2
"realize",2
"realworld",2
"reasonably",2
"reasons",2
"received",2
"records",2
"refrigeration",2
"registers",2
"reliable",2
"rely",2
"remember",2
"replacing",2
"represents",2
"requires",2
"reserve",2
"reserved",2
"resources",2
"restock",2
"resulting",2
"results",2
"rfp",2
"rise",2
"rising",2
"rnrnkeeptruckin",2
"rnrnsupply",2
"robert",2
"robot",2
"robust",2
"rolling",2
"rose",2
"running",2
"runs",2
"sale",2
"saw",2
"schedule",2
"scheduled",2
"screen",2
"seasonal",2
"seasonally",2
"segment",2
"select",2
"selection",2
"sell",2
"several",2
"share",2
"shorter",2
"side",2
"skills",2
"sku",2
"smith",2
"sophisticated",2
"sort",2
"special",2
"spend",2
"stabilize",2
"stakeholders",2
"stakes",2
"standard",2
"standards",2
"startups",2
"state",2
"static",2
"stay",2
"stores",2
"street",2
"stronger",2
"substantial",2
"suppliers",2
"supplies",2
"surprised",2
"taken",2
"takes",2
"targeted",2
"tariffs",2
"tci",2
"tend",2
"tender",2
"tension",2
"term",2
"test",2
"third",2
"thirty",2
"throughout",2
"throughput",2
"throw",2
"todays",2
"totes",2
"tough",2
"track",2
"transactions",2
"transfix",2
"transform",2
"transformation",2
"translead",2
"trillion",2
"trouble",2
"truckstop",2
"truckstopcom",2
"trusted",2
"try",2
"turn",2
"typically",2
"ultimately",2
"units",2
"upcoming",2
"user",2
"usual",2
"vacation",2
"vast",2
"visit",2
"volvo",2
"wait",2
"walmart",2
"warehousing",2
"weight",2
"went",2
"width",2
"willing",2
"worldwide",2
"yan",2
"’m",2
"aar",1
"absolutely",1
"absorbing",1
"accept",1
"accomplishedrnto",1
"achieved",1
"achieves",1
"achieving",1
"acid",1
"active",1
"actively",1
"activitiesrn",1
"activitiesrnthe",1
"actually",1
"adaptability",1
"add",1
"addition",1
"address",1
"addressed",1
"addressing",1
"adds",1
"adhere",1
"adjusted",1
"adjustednnmany",1
"administrative",1
"admittedly",1
"adsensemobileunit",1
"advaggmod",1
"advaggmodcheck",1
"advaggmodn",1
"advance",1
"advantagernrecommendationsrnenterprise",1
"advantages",1
"advice",1
"advisory",1
"advocates",1
"aerodynamics",1
"aerosols",1
"affecting",1
"affirmed",1
"afford",1
"affordable",1
"age",1
"agents",1
"agernrn",1
"agile",1
"agilityrnroute",1
"agonfreight",1
"agree",1
"agreed",1
"agriculture",1
"agvs",1
"agv—",1
"ahead",1
"aidriven",1
"aiming",1
"airbnb",1
"airnrn",1
"airnrobots",1
"alarming",1
"alert",1
"algorithm",1
"algorithmsrnrn",1
"alias",1
"alike",1
"allen",1
"alone",1
"alternative",1
"amazonlabeled",1
"amazonrelated",1
"amazonrnwhile",1
"ambient",1
"american",1
"amid",1
"amidst",1
"analyze",1
"andrew",1
"anecdotally",1
"anticipate",1
"antiquated",1
"anxious",1
"anybody",1
"anything",1
"apart",1
"api",1
"appear",1
"appetite",1
"applicable",1
"applications",1
"applying",1
"appreciate",1
"approaches",1
"apps",1
"april",1
"archaic",1
"arearna",1
"areasrnrnpart",1
"aren’t",1
"argue",1
"array",1
"arrival",1
"arrives",1
"arsenal",1
"article",1
"asns",1
"aspect",1
"assembly",1
"assess",1
"asset",1
"assign",1
"assistants",1
"assistive",1
"assortment",1
"assumptionsrnby",1
"atbs",1
"atlanta",1
"atmosphere",1
"atom",1
"attention",1
"attract",1
"august",1
"authority",1
"authorrnbrian",1
"automatic",1
"automaticallyrndetect",1
"autonomously",1
"availability",1
"averages",1
"averaging",1
"avoid",1
"avoidance",1
"avpzid",1
"award",1
"awareness",1
"away",1
"bachelor",1
"backlognafter",1
"backorders",1
"bagsrnmost",1
"bakes",1
"bancshares",1
"bank",1
"barely",1
"base",1
"batch",1
"bathed",1
"beer",1
"began",1
"behaving",1
"behaviors",1
"benefit",1
"benefitrnmoving",1
"betatesting",1
"beyond",1
"bidcontract",1
"bids",1
"bigger",1
"bill",1
"bit",1
"biternrn",1
"black",1
"bling",1
"blockchainbased",1
"blockchaindriven",1
"blockers",1
"bloomberg",1
"blue",1
"body",1
"book",1
"boosted",1
"bottlenecks",1
"bottom",1
"bottoming",1
"boxed",1
"boxes",1
"boxesrnfurniture",1
"boxrnphoto",1
"brakes",1
"branded",1
"brands",1
"breakneck",1
"bricksmortar",1
"brings",1
"broadly",1
"broke",1
"brokeragepl",1
"brokering",1
"brown",1
"bryan",1
"budgeting",1
"buffers",1
"building",1
"buildings",1
"built",1
"bulletin",1
"bundle",1
"bureau",1
"bus",1
"busiest",1
"businessnnin",1
"businessnnnnn",1
"businessrn",1
"businessrninvesting",1
"bustnfreight",1
"bypass",1
"cabling",1
"calledn",1
"calling",1
"callintensive",1
"callsrnrntransplace",1
"capacitynfor",1
"carbon",1
"cards",1
"careful",1
"caringfacebooktwitterpinterestfunctionwdswldadinitwldadinitwldadinitpushslotsize",1
"carolina",1
"carried",1
"carries",1
"carrying",1
"cartons",1
"cases—even",1
"cash",1
"casting",1
"catastrophic",1
"catche",1
"categories",1
"caught",1
"cause",1
"caused",1
"causes",1
"caution",1
"cbededdaccbcdebnn",1
"cells",1
"cents",1
"century",1
"ceornrna",1
"certainly",1
"chaina",1
"chainas",1
"chaindigital",1
"chaininnovations",1
"chainsrnrnrn",1
"chainstrategic",1
"chainwith",1
"chalked",1
"chandler",1
"change—",1
"channels",1
"characteristic",1
"characteristics",1
"characterized",1
"charged",1
"chargernanother",1
"chattanooga",1
"cheaper",1
"checked",1
"chicago",1
"christian",1
"churn",1
"cited",1
"cites",1
"city",1
"clarity",1
"clean",1
"click",1
"clickrnrntechnology",1
"clients",1
"cliff",1
"climate",1
"closely",1
"clubs",1
"coauthors",1
"codevelopers",1
"collaborating",1
"collaborationrnrn",1
"collaborationrnrnwhile",1
"collaborative",1
"colleagues",1
"comb",1
"combination",1
"comers",1
"command",1
"commercializationrnmoreover",1
"commit",1
"commodities",1
"common",1
"commonly",1
"communicate",1
"communication",1
"communications",1
"comparable",1
"compares",1
"comparing",1
"competernrnrnrn",1
"competition",1
"competitors",1
"complete",1
"complexrnrnthere",1
"compliance",1
"compound",1
"comprehensive",1
"computer",1
"computerized",1
"concepts",1
"concerns",1
"conditioning",1
"confidence",1
"confident",1
"confirmed",1
"conform",1
"confronted",1
"congress",1
"conjunction",1
"connectrnrna",1
"consequences",1
"conservative",1
"considering",1
"consists",1
"consolidation",1
"consumersrnwe’ve",1
"contained",1
"contends",1
"contentrnrather",1
"continuous",1
"contrasted",1
"contribute",1
"conveyors",1
"coo",1
"cooled",1
"cooling",1
"coordinated",1
"copyright",1
"corners",1
"corp",1
"corporate",1
"corporation",1
"corralled",1
"correction",1
"corresponding",1
"costly",1
"costsrnrn",1
"count",1
"counter",1
"counterfeit",1
"counting",1
"country",1
"couple",1
"couriers",1
"course",1
"cover",1
"covered",1
"cpg",1
"cpm",1
"craig",1
"creativity",1
"credit",1
"creditors",1
"criminal",1
"criteria",1
"criterion",1
"crn",1
"crossdocking",1
"crowdsourced",1
"crown",1
"crucial",1
"cullen",1
"customersrnin",1
"customers’",1
"customization",1
"customized",1
"cutting",1
"cuttingedge",1
"cylinder",1
"daily",1
"damage",1
"darrell",1
"datagathering",1
"dataidwsjwebuinewslettercardcontextnewsletteridnewsletteriddaffcdaeenodetypenewslettereditionusgcsectionnewslettersidlabel",1
"date",1
"daums",1
"david",1
"dayrnthe",1
"dealerswholesalers",1
"dealerwholesaler",1
"decade",1
"decanting",1
"december",1
"decentralized",1
"decipher",1
"decision",1
"declined",1
"decreased",1
"deemed",1
"default",1
"defaults",1
"defensernrn",1
"degree",1
"delayed",1
"delayedrnmany",1
"delinquency",1
"delivering",1
"demandnnnnn",1
"demandrnthe",1
"demandsrnabout",1
"dematicrnautomation",1
"democrats",1
"demonstrating",1
"denotes",1
"denoyer",1
"department",1
"depend",1
"depending",1
"deploy",1
"deployed",1
"deploying",1
"designing",1
"despite",1
"destination",1
"details",1
"detain",1
"detention",1
"develop",1
"developer",1
"developers",1
"developing",1
"devicesrn",1
"dexfreight",1
"dialtruck",1
"difference",1
"differences",1
"differently",1
"difficulty",1
"diminishes",1
"dioxide",1
"dipped",1
"directed",1
"disabled",1
"disappearing",1
"discipline",1
"discussions",1
"dispatch",1
"dispatched",1
"dispatches",1
"displaysrnrnrnrelated",1
"displaysrn—matt",1
"displays—one",1
"disruptors",1
"dissipated",1
"distance",1
"distances",1
"distribute",1
"distributionintensive",1
"distributor",1
"distributors",1
"dive",1
"diverse",1
"dock",1
"documented",1
"dollars",1
"dominance",1
"dominant",1
"donald",1
"donate",1
"donor",1
"doorsteps",1
"double",1
"doubled",1
"doubles",1
"doubling",1
"doubt",1
"dow",1
"download",1
"downturn",1
"draw",1
"drawback",1
"drawn",1
"drayage",1
"drew",1
"dried",1
"driverless",1
"drones",1
"drophook",1
"dropping",1
"drops",1
"dry",1
"earliernn",1
"earn",1
"ease",1
"easily",1
"easing",1
"east",1
"eat",1
"ebay",1
"economics’",1
"economyrnfor",1
"ecosystems",1
"edge",1
"educate",1
"edward",1
"effects",1
"eight",1
"eightyeight",1
"ekarnrnrnfreightmatching",1
"elazary",1
"electrical",1
"element",1
"eleven",1
"elsewherernmobile",1
"emerging",1
"emissions",1
"emphasis",1
"emphasisrnkeeping",1
"employee",1
"employment",1
"employmentnnnnn",1
"enabled",1
"enablement",1
"encourages",1
"endend",1
"engage",1
"engaging",1
"engender",1
"engine",1
"engineering",1
"engineers",1
"enhance",1
"enhanced",1
"enhancing",1
"enormous",1
"ensuing",1
"ensure",1
"enter",1
"entered",1
"enterprises",1
"entire",1
"entry",1
"environmentrn",1
"environmentrnrn",1
"environments",1
"envision",1
"equipmentrnnow",1
"escrow",1
"essential",1
"evaluate",1
"eventual",1
"eventually",1
"everest",1
"everincreasing",1
"everybody",1
"evidence",1
"evolution",1
"evolutionary",1
"evolutionrnrnnext",1
"exacting",1
"exactly",1
"examplern",1
"exceeded",1
"excel",1
"excellence",1
"except",1
"exception",1
"exceptions",1
"exchange",1
"excited",1
"exciting",1
"exclusive",1
"execution",1
"expanded",1
"expanding",1
"expectationsrnmore",1
"expecting",1
"expects",1
"expenditures",1
"expensivernas",1
"experiencern",1
"experimentation",1
"experimenting",1
"experiments",1
"expert",1
"experts",1
"explainsrnrnin",1
"explode",1
"explore",1
"explored",1
"export",1
"exports",1
"extending",1
"extensive",1
"extent",1
"extreme",1
"extremely",1
"extremennadsensemobileunit",1
"eyeopening",1
"faces",1
"facing",1
"factories",1
"factory",1
"faded",1
"failing",1
"fails",1
"failure",1
"fairly",1
"fall",1
"familiar",1
"families",1
"family",1
"fantasy",1
"far",1
"farrowrnthe",1
"fastest",1
"fastgrowing",1
"fastrnrecently",1
"featuring",1
"federico",1
"fedex",1
"fee",1
"feeding",1
"felt",1
"fergal",1
"fever",1
"field",1
"filled",1
"findingsrnartificial",1
"findingsrntraditional",1
"finer",1
"firmed",1
"firms",1
"firsthand",1
"firstrnas",1
"firstrnrn",1
"fiveyear",1
"fixed",1
"flanking",1
"flatbedders",1
"fleetsrnphoto",1
"flexibilityrnmany",1
"flooding",1
"florida",1
"flourish",1
"flow",1
"fly",1
"foaming",1
"foams",1
"focusing",1
"folks",1
"followingrn",1
"foodservice",1
"forecasters",1
"forefront",1
"forklifts",1
"forkliftsrnthe",1
"forklift—essentially",1
"forks",1
"form",1
"formulations",1
"forth",1
"fortyeight",1
"foster",1
"found",1
"foundation",1
"founders",1
"fourkites",1
"fraction",1
"framing",1
"frankly",1
"fraught",1
"freightliner",1
"freightrnrneka",1
"freightrnrnthis",1
"frequently",1
"friction",1
"frictionless",1
"friday",1
"friends",1
"frontier",1
"ftrndiscerning",1
"ftrrnrnrnkate",1
"fulfill",1
"fulfillmentrnas",1
"fulltime",1
"fun",1
"functionsrnrn",1
"fund",1
"funds",1
"furniture",1
"futurernecommerce",1
"futuristic",1
"game",1
"gary",1
"gases",1
"gasesnn",1
"gather",1
"generally",1
"generate",1
"george",1
"giant",1
"givesnthis",1
"glassencased",1
"globe—",1
"glowrnthe",1
"glynn",1
"goal",1
"goalsrnroute",1
"goes",1
"gone",1
"goodsproducing",1
"goodsrnrobots",1
"gotten",1
"gradually",1
"grains",1
"gravity",1
"greases",1
"green",1
"grippers",1
"groups",1
"guarantee",1
"guaranteed",1
"guided",1
"hall",1
"handled",1
"handwritten",1
"hapigig",1
"harder",1
"hardware",1
"harm",1
"harris",1
"hastily",1
"haul",1
"headhaul",1
"headrnacross",1
"healthcare",1
"heap",1
"heardrn",1
"heat",1
"heated",1
"heavyweights",1
"hector",1
"heightened",1
"heights",1
"held",1
"helped",1
"hernandez",1
"heterogenous",1
"hidden",1
"highly",1
"highsecurity",1
"highvalue",1
"highway",1
"history",1
"hodgson",1
"holding",1
"hooked",1
"hoping",1
"horizon",1
"hospitality",1
"hours",1
"housed",1
"hubhub",1
"hundreds",1
"hunt",1
"huntington",1
"huntrndisruption",1
"hurdles",1
"hydraulic",1
"hydrofluorocarbons",1
"icedtea",1
"idea",1
"ideal",1
"ideate",1
"iframe",1
"ignorernrn",1
"illequipped",1
"image",1
"immediatelyrnrn",1
"immense",1
"immensely",1
"implementation",1
"implications",1
"implies",1
"impossible",1
"impression",1
"improves",1
"improvesrnthe",1
"improvingnnnnn",1
"inaction",1
"inauguration",1
"inboxnnpreliminary",1
"include",1
"increases",1
"increasing",1
"incremental",1
"indicating",1
"indications",1
"indicator",1
"indirectly",1
"individual",1
"industries",1
"inefficient",1
"inevitably",1
"infamously",1
"inflexible",1
"influence",1
"influencing",1
"informed",1
"infused",1
"inherently",1
"initiatives",1
"inlineblock",1
"innovationrnrn",1
"innovators",1
"inside",1
"inspires",1
"instant",1
"instantaneous",1
"institutions",1
"integrate",1
"integrates",1
"integration",1
"intelligenceenabled",1
"intelligencerntechnology",1
"intelligence–supported",1
"interaction",1
"interactive",1
"interactrnimage",1
"interfere",1
"internal",1
"international",1
"internetbased",1
"interspersed",1
"intervention",1
"introduction",1
"intuition",1
"intuitively",1
"invalid",1
"investing",1
"invia",1
"inview",1
"involved",1
"involves",1
"irlrnwhile",1
"ironic",1
"isp",1
"isps",1
"issued",1
"issues",1
"issuesnwhen",1
"issuing",1
"james",1
"jan",1
"januaryrnrnrn",1
"jdcreateelementspdgetelementsbytagnamesjasynctruejsrccdnlockerdomecdncomjsajsjsjidpparentnodeinsertbeforejpwindowdocumentscriptldajsnpage",1
"jdcreateelementspdgetelementsbytagnamesjasynctruejsrccdnlockerdomecomjsajsjsjidpparentnodeinsertbeforejpwindowdocumentscriptldajs",1
"jennifer",1
"jennifersmithwsjcom",1
"jim",1
"john",1
"joined",1
"jones",1
"josh",1
"journeys",1
"joy",1
"judging",1
"jumping",1
"junennnnn",1
"justify",1
"juxtaposed",1
"karen",1
"kate",1
"keeping",1
"ken",1
"kenworth",1
"kept",1
"kewill",1
"kiosks",1
"knowing",1
"knowledge",1
"known",1
"knows",1
"krolltags",1
"lab",1
"labeling",1
"labels",1
"lacking",1
"laggardsrnwhen",1
"laminated",1
"land",1
"lanehubrnbeyond",1
"largescale",1
"laser",1
"laterrnadvanced",1
"latest",1
"launch",1
"laying",1
"layoffs",1
"layout",1
"leasing",1
"leaving",1
"led",1
"left",1
"legislation",1
"lender",1
"lending",1
"lengthened",1
"lessors",1
"lesstruckload",1
"leverage",1
"leverages",1
"leveraging",1
"levittown",1
"lidia",1
"lies",1
"lightweight",1
"limitations",1
"limited",1
"liningnn",1
"lior",1
"literally",1
"little",1
"lives",1
"llc",1
"loaded",1
"loadmatchingrnrnconvoy",1
"loadsrnrn",1
"loadsrnrnxpo",1
"loan",1
"loann",1
"local",1
"location",1
"locations",1
"locking",1
"log",1
"logged",1
"logging",1
"logisticsrnrnsome",1
"logisticstags",1
"logisticsthe",1
"lowcost",1
"lows",1
"lyft",1
"machine",1
"machines",1
"mack",1
"magazine",1
"magic",1
"maintain",1
"maker",1
"makers",1
"maly",1
"managers’",1
"mandate",1
"mandatennnnnnhfcs",1
"maneuvers",1
"manifests",1
"manipulate",1
"manipulation",1
"manpower",1
"manufactures",1
"maps",1
"mark",1
"marketnnnnn",1
"marketplacernrn",1
"marketplaces",1
"marketplacesrnin",1
"marketplacesrnlacking",1
"marketrnrn",1
"marketrnrnlanehub",1
"marketrnrnmatching",1
"marketrnrnonly",1
"marks",1
"martin",1
"masias",1
"mass",1
"massive",1
"mast",1
"matches",1
"matchingrnrnusing",1
"matter",1
"maximize",1
"maxwidthpx",1
"maybe",1
"measure",1
"measured",1
"meat",1
"mechanism",1
"mechanisms",1
"mediumsize",1
"membership",1
"membershipbased",1
"membershiprnwhat",1
"mention",1
"merchandise",1
"merchant",1
"merely",1
"messengers",1
"method",1
"methods",1
"mhi",1
"michael",1
"mid",1
"middleman",1
"midst",1
"might",1
"mike",1
"mile",1
"milesnpulling",1
"milestone",1
"milestones",1
"million",1
"mind",1
"mindsets",1
"minutes",1
"minwidthpx",1
"misheloff",1
"misheloffnrecently",1
"mitigate",1
"mode",1
"modelrn",1
"models",1
"modelyear",1
"modular",1
"module",1
"money",1
"moneyrnapply",1
"monitoring",1
"monthmonth",1
"monthnnnnnn",1
"monthnnso",1
"moreover",1
"morning",1
"mottos",1
"msn",1
"mug",1
"multileg",1
"mundane",1
"mused",1
"music",1
"mustrnexplore",1
"name",1
"namely",1
"nand",1
"nascar",1
"nationwidernwith",1
"natural",1
"naturally",1
"nature",1
"nav",1
"navigation",1
"navisphere",1
"navistar",1
"navppush",1
"nbottom",1
"ncontinue",1
"nearing",1
"nearrecord",1
"necessarily",1
"necessary",1
"neededrnheres",1
"needsrnrnlidia",1
"needsrnultimately",1
"negotiated",1
"negotiating",1
"negotiations",1
"negotiationsrnrn",1
"neighborhood",1
"nenjoy",1
"networkrnrnfor",1
"networks",1
"never",1
"newsletter",1
"nextnif",1
"nextnnow",1
"nextyear",1
"night",1
"nightrnrnpeloton",1
"nikhil",1
"nimble",1
"nimbleness",1
"nine",1
"nixes",1
"nmedia",1
"nmisheloff",1
"nnadvaggmodcheckn",1
"nnat",1
"nnftr",1
"nnfunction",1
"nnin",1
"nnnadsbygoogle",1
"nnnn",1
"nnnnnakennn",1
"nnnnwould",1
"nnso",1
"non",1
"none",1
"nonmembers",1
"nonvalueadded",1
"normal",1
"north",1
"notably",1
"notebooks",1
"noted",1
"notesnavery",1
"notesrnfinally",1
"notesrninbound",1
"notifications",1
"notified",1
"notion",1
"nowrnpositioned",1
"nso",1
"nspot",1
"nthe",1
"ntt",1
"nurtured",1
"object",1
"obvious",1
"occurred",1
"occurs",1
"officernnnnn",1
"officerrnanother",1
"oil",1
"oldschool",1
"ominous",1
"onetruck",1
"ongoing",1
"onto",1
"opened",1
"openrnwalking",1
"opens",1
"operate",1
"operational",1
"operationsrnmanagement",1
"operationsrnso",1
"opposed",1
"optimistic",1
"organization",1
"organizationrnfueling",1
"organizationsrn",1
"organize",1
"otherwise",1
"outdated",1
"outlawing",1
"outlier",1
"outline",1
"outlined",1
"output—",1
"overbought",1
"oversight",1
"oversize",1
"owneropbuying",1
"owneroperator",1
"owneroperatorheavy",1
"owners",1
"ownership",1
"paccar",1
"pacenn",1
"package",1
"packagesrnanother",1
"page",1
"paired",1
"pairs",1
"panic",1
"paperless",1
"parallel",1
"parcels",1
"paris",1
"participants",1
"participating",1
"particularly",1
"partly",1
"partnerships",1
"patrons",1
"paul",1
"paulpagewsjcomnnnnn",1
"pause",1
"payback",1
"payments",1
"paymentsrnrnfor",1
"pcar",1
"pegged",1
"pelotonrnif",1
"peoplern",1
"perceive",1
"percentage",1
"percentages",1
"perfect",1
"performance",1
"performing",1
"performsrnrnplatoonpro",1
"perhaps",1
"period",1
"personal",1
"peterbilt",1
"pharmaceuticals",1
"phenomenon",1
"photo",1
"physically",1
"picks",1
"pictures",1
"pid",1
"piecepicking",1
"piggyback",1
"pile",1
"pinned",1
"pipeline",1
"pitch",1
"pixabayrnrecent",1
"planner",1
"plastic",1
"platformrn",1
"platformrnresponsive",1
"platformsrnwithout",1
"platoonpro",1
"platoons",1
"play",1
"plays",1
"please",1
"plexiglass",1
"plsrnrn",1
"pneumatic",1
"pod",1
"pointed",1
"points",1
"policy",1
"pool",1
"port",1
"ports",1
"position",1
"positioningrnamong",1
"positions",1
"pound",1
"pounds",1
"poured",1
"powers",1
"powertrain",1
"practical",1
"practicesrn",1
"precision",1
"predict",1
"predictable",1
"predictive",1
"predicts",1
"preferencesrnrnsome",1
"preferred",1
"preliminary",1
"prep",1
"prepare",1
"preparing",1
"preprogrammed",1
"present",1
"presidential",1
"prespot",1
"prest",1
"previewsubscribennn",1
"previous",1
"previously",1
"pricingrnrnsome",1
"primary",1
"primed",1
"prior",1
"priorities",1
"prioritization",1
"prioritize",1
"prioritizing",1
"priority",1
"problem",1
"processesrn",1
"processors",1
"processrnrn",1
"productionrn",1
"professionals",1
"program",1
"programmed",1
"programsrnlionel",1
"project",1
"promised",1
"pronounced",1
"proof",1
"properly",1
"proprietary",1
"protect",1
"protection",1
"protectionnnstoughton",1
"protective",1
"providernan",1
"providing",1
"public",1
"publicly",1
"publishes",1
"pulled",1
"pumilia",1
"pump",1
"purchasing",1
"pursuing",1
"push",1
"pushnnbut",1
"pushnnfunctionwdswldadinitwldadinitwldadinitpushslotsize",1
"pushnthe",1
"putting",1
"qualify",1
"quantities",1
"queries",1
"question",1
"questionsrnbut",1
"quicken",1
"quintupled",1
"quite",1
"quoting",1
"racing",1
"radarbased",1
"radical",1
"railroads",1
"raises",1
"rapidlynthese",1
"ratesrnrnone",1
"raw",1
"reaction",1
"reacts",1
"read",1
"reads",1
"ready",1
"realizing",1
"realtime—including",1
"reason",1
"reasonable",1
"reassigning",1
"rebound",1
"receive",1
"receivedrnlike",1
"receiving",1
"recessionnin",1
"recognizing",1
"reconfiguration",1
"recordsetting",1
"recruit",1
"recruiting",1
"reduced",1
"reducing",1
"reduction",1
"referring",1
"reflected",1
"reflecting",1
"refresh",1
"refreshlimit",1
"refrigerated",1
"regardless",1
"regular",1
"regulations",1
"relate",1
"related",1
"relationshiprnrn",1
"relaystyle",1
"relevant",1
"reliably",1
"relies",1
"remains",1
"remarks",1
"repeatable",1
"replacement",1
"replaces",1
"replenishment",1
"reportdescriptiontop",1
"reportednntotal",1
"reportrnkey",1
"reportrnrncass",1
"represent",1
"representations",1
"repurpose",1
"reputation",1
"reputations",1
"residential",1
"resistance",1
"resolution",1
"respectively",1
"respondents",1
"respondentsrn",1
"responding",1
"responsive",1
"restaurants",1
"retailer",1
"retailersrnfor",1
"rethink",1
"retrenchment",1
"return",1
"returning",1
"reveals",1
"revenue",1
"review",1
"revisions",1
"reviving",1
"rfps",1
"richter",1
"rides",1
"rideshare",1
"ridesharing",1
"rights",1
"rigorous",1
"ripping",1
"ripple",1
"risks",1
"risky",1
"river",1
"rnamong",1
"rncompared",1
"rndigital",1
"rnharris",1
"rnif",1
"rnintensifying",1
"rnomnichannel",1
"rnrnanother",1
"rnrnat",1
"rnrnavery",1
"rnrnclaude",1
"rnrndat",1
"rnrndespite",1
"rnrndexfreight",1
"rnrndigital",1
"rnrndisruption",1
"rnrnftr",1
"rnrngoing",1
"rnrnin",1
"rnrnone",1
"rnrnpart",1
"rnrnpeloton",1
"rnrnpumilia",1
"rnrnrn",1
"rnrnsince",1
"rnrnthere",1
"rnrntransfix",1
"rnrntransplace",1
"rnrntruckstopcom",1
"rnrnwatch",1
"rnrnwhile",1
"rnsince",1
"rntechnologyenabled",1
"rnthe",1
"rnwhile",1
"rnwith",1
"road",1
"roadrnas",1
"rob",1
"robinson",1
"robotics",1
"roboticsrnto",1
"robotsrn…",1
"rock",1
"roller",1
"rollers",1
"roughly",1
"ryder",1
"safe",1
"safety—",1
"saidnncalifornia",1
"saidnnfrank",1
"saidnnnnfunction",1
"saidnnnnn",1
"saidnnnnnneast",1
"saidnnstuart",1
"salesnnnnn",1
"salesnnthe",1
"salesnnthese",1
"salient",1
"satisfy",1
"saysnone",1
"saysrngoing",1
"saysrngoodsperson",1
"saysrnrnautomating",1
"saysrnrollers",1
"saysrnthroughput",1
"saysrnwhile",1
"scale",1
"scaling",1
"scanning",1
"scant",1
"scattered",1
"scenarios",1
"scenes",1
"schenkerrnrn",1
"schools",1
"science",1
"scope",1
"scott",1
"seasonsrnedward",1
"seat",1
"seats",1
"secured",1
"securityrnstrategic",1
"seem",1
"sees",1
"segments",1
"seldom",1
"selling",1
"semitruck",1
"separately",1
"september",1
"sequences",1
"serious",1
"served",1
"server",1
"servers",1
"servicernclearly",1
"servicernnow",1
"services’",1
"servicing",1
"serving",1
"sets",1
"setting",1
"seventh",1
"severe",1
"sharing",1
"sharply",1
"sheet",1
"shelf",1
"shelfrn",1
"shelving",1
"shifted",1
"shifting",1
"shifts",1
"shipments’",1
"shippersrnanother",1
"shippersrnrnrn",1
"shippingrnof",1
"shippingrnrn",1
"ships",1
"shoiab",1
"shoppers",1
"shoprnbecause",1
"showed",1
"shown",1
"shrinking",1
"sick",1
"sides",1
"signaling",1
"signatures",1
"signed",1
"significantly",1
"signify",1
"signing",1
"signn",1
"signs",1
"silicon",1
"silver",1
"similar",1
"simply",1
"singletruck",1
"situations",1
"sixth",1
"size",1
"sizes",1
"skids",1
"skill",1
"skilled",1
"skillrnrnpeloton",1
"slip",1
"slippery",1
"slow",1
"slowed",1
"slows",1
"smarterfinanceusanlenders’",1
"smartmatch",1
"soared",1
"softens",1
"softwarernrnrn",1
"softwarernrnwhile",1
"softwarernwhichever",1
"sold",1
"solid",1
"solutionsrnbuilding",1
"solve",1
"solving",1
"somehow",1
"someone",1
"sometimes",1
"somewhere",1
"soon",1
"sooner",1
"sortation",1
"sourcing",1
"southern",1
"spacesrnformal",1
"speak",1
"speaks",1
"specialized",1
"specializes",1
"specializing",1
"specifications",1
"specify",1
"spending",1
"splitting",1
"spotmarket",1
"spreadsheets",1
"spring",1
"stable",1
"stacked",1
"staffers",1
"stage",1
"stake",1
"stance",1
"standardized",1
"standing",1
"staples",1
"star",1
"starts",1
"stations",1
"statisticsrnperhaps",1
"stats",1
"steady",1
"steer",1
"steers",1
"stellar",1
"step",1
"stepn",1
"stevens",1
"stick",1
"stiffening",1
"stillunanswered",1
"stockkeeping",1
"stockouts",1
"stood",1
"stories",1
"story",1
"stoughton",1
"straight",1
"straightening",1
"strategic",1
"strategically",1
"streamline",1
"streetnafter",1
"streetnsharing",1
"strengthen",1
"stringent",1
"structural",1
"structure",1
"studies",1
"stuff",1
"subpar",1
"subscribed",1
"subsided",1
"subsystem",1
"subsystems",1
"suction",1
"suitable",1
"summed",1
"summer",1
"sums",1
"super",1
"suppliersnthe",1
"supplyworks",1
"surged",1
"surging",1
"surpassing",1
"surprise",1
"surroundings",1
"surveyed",1
"surveys",1
"suspects",1
"svp",1
"switch",1
"symposium",1
"synthesizing",1
"systematize",1
"systemrncompanies",1
"systemsrnnext",1
"tabs",1
"tackling",1
"tactics",1
"tad",1
"tag",1
"tagid",1
"talent",1
"talknfor",1
"talks",1
"taller",1
"tap",1
"targeting",1
"teamrn",1
"teams",1
"tech",1
"technical",1
"technological",1
"technologydriven",1
"technologyindexpreviewurl",1
"technologyrnrn",1
"technologyrnrnrnautomated",1
"telematics",1
"telephones",1
"tell",1
"tenn",1
"tensions",1
"termrnphoto",1
"termrnrnin",1
"tests",1
"textalign",1
"thanks",1
"therefore",1
"thing",1
"thinking",1
"thought",1
"thoughtful",1
"threats",1
"throttled",1
"tickrnas",1
"tie",1
"tied",1
"ties",1
"tightened",1
"tim",1
"timeconsuming",1
"timesn",1
"titzern",1
"togetherrnone",1
"tomorrow",1
"tooquickchanging",1
"toptier",1
"total",1
"totally",1
"touch",1
"touches",1
"toughrnrnrn",1
"toward",1
"towersrnhowever",1
"trace",1
"tracked",1
"trackers",1
"tracking",1
"traction",1
"tractionrnrn",1
"traditionally",1
"traffic",1
"train",1
"trained",1
"transacted",1
"transaction",1
"transactional",1
"transferred",1
"translating",1
"transporter",1
"trap",1
"travel",1
"treat",1
"tree",1
"trend",1
"trending",1
"trendrnrn",1
"trendrnrnin",1
"trials",1
"tries",1
"trigger",1
"troublesome",1
"truckers",1
"truckersnorders",1
"truckers’",1
"truckorders",1
"truckrnphoto",1
"truckstopsrnphoto",1
"truly",1
"trump",1
"trustrnrn",1
"ttnews",1
"turnaround",1
"twoday",1
"typical",1
"ucc",1
"uglier",1
"uncertainty",1
"uncomfortable",1
"undergoing",1
"undertaking",1
"underway",1
"undetermined",1
"uneven",1
"unex",1
"unfortunately",1
"unified",1
"unit",1
"universities",1
"university",1
"unloaded",1
"unmatched",1
"unprecedented",1
"untapped",1
"unusual",1
"upbeat",1
"updates",1
"upfront",1
"upper",1
"ups",1
"upswing",1
"upturn",1
"upward",1
"users",1
"ushering",1
"uship",1
"utility",1
"utilization",1
"valley",1
"valuable",1
"valued",1
"valuernsource",1
"valve",1
"variable",1
"varies",1
"variety",1
"various",1
"vehiclevehicle",1
"vendorcompliant",1
"verify",1
"veterans",1
"video",1
"visennnnn",1
"visibilityrnrnvisibility",1
"visible",1
"vision",1
"vocabulary",1
"vocational",1
"voices",1
"void",1
"volatile",1
"walmartrn",1
"wandering",1
"wanted",1
"wanting",1
"wants",1
"war",1
"warehousesrnforberg",1
"warn",1
"warning",1
"washington",1
"waste",1
"waterloorn",1
"wave",1
"weakening",1
"weather",1
"week",1
"weekly",1
"weeks",1
"welcome",1
"welldocumented",1
"wes",1
"western",1
"whatever",1
"whittled",1
"whole",1
"wholesalers",1
"wide",1
"william",1
"window",1
"windowdrupal",1
"windowdrupalsettings",1
"windowjquery",1
"windows",1
"windowsettimeoutadvaggmod",1
"windowsettimeoutadvaggmodcheck",1
"windowwebuinewslettercard",1
"winds",1
"wirelessly",1
"wonder",1
"wondering",1
"wood",1
"word",1
"words",1
"worked",1
"workstation",1
"worldrnrnrnrnrnswitkes",1
"worried",1
"worsenthe",1
"worst",1
"write",1
"wrong",1
"wwwharriswilliamscomrn",1
"xinfeng",1
"xpo",1
"yearlong",1
"yearnit",1
"yearnnalso",1
"yearnthe",1
"yet",1
"york",1
"zid",1
"zones",1
"‘disrupt’",1
"…rnwhat",1
